RouteId,OriginCode,DestinationCode
1,238,171
2,124,12
3,124,87
4,124,216
5,124,78
6,124,254
7,124,151
8,124,171
9,57,12
10,57,22
11,57,78
12,57,254
13,57,24
14,57,68
15,57,171
16,90,12
17,90,70
18,90,78
19,90,254
20,87,115
21,87,108
22,87,22
23,87,70
24,87,124
25,87,258
26,87,171
27,216,305
28,216,83
29,216,273
30,216,211
31,216,274
32,216,108
33,216,277
34,216,289
35,216,243
36,216,12
37,216,278
38,216,62
39,216,25
40,216,222
41,216,169
42,216,70
43,216,238
44,216,124
45,216,57
46,216,296
47,216,189
48,216,114
49,216,209
50,216,276
51,216,78
52,216,254
53,216,143
54,216,180
55,216,44
56,216,170
57,216,47
58,216,299
59,216,182
60,216,38
61,216,258
62,216,151
63,216,95
64,216,158
65,216,287
66,216,94
67,216,297
68,216,129
69,216,186
70,216,133
71,216,229
72,216,275
73,216,123
74,216,43
75,216,206
76,216,188
77,216,171
78,216,88
79,216,198
80,296,305
81,296,211
82,296,108
83,296,222
84,296,70
85,296,216
86,296,276
87,296,254
88,296,44
89,296,151
90,296,94
91,296,129
92,296,229
93,296,275
94,296,123
95,296,43
96,296,188
97,296,198
98,189,211
99,189,144
100,114,12
101,114,144
102,114,70
103,114,216
104,114,254
105,114,188
106,209,305
107,209,211
108,209,144
109,209,70
110,209,216
111,276,305
112,276,108
113,276,12
114,276,144
115,276,25
116,276,124
117,276,216
118,276,296
119,276,78
120,276,254
121,276,44
122,276,170
123,276,38
124,276,151
125,276,297
126,276,133
127,276,43
128,276,188
129,276,171
130,276,88
131,78,305
132,78,83
133,78,211
134,78,274
135,78,115
136,78,108
137,78,289
138,78,12
139,78,278
140,78,62
141,78,25
142,78,292
143,78,22
144,78,70
145,78,238
146,78,124
147,78,57
148,78,90
149,78,216
150,78,276
151,78,254
152,78,143
153,78,180
154,78,182
155,78,258
156,78,151
157,78,95
158,78,158
159,78,287
160,78,68
161,78,129
162,78,186
163,78,188
164,254,305
165,254,83
166,254,211
167,254,274
168,254,115
169,254,108
170,254,289
171,254,12
172,254,278
173,254,62
174,254,25
175,254,292
176,254,22
177,254,70
178,254,238
179,254,124
180,254,57
181,254,90
182,254,216
183,254,296
184,254,114
185,254,276
186,254,78
187,254,143
188,254,180
189,254,44
190,254,47
191,254,182
192,254,38
193,254,258
194,254,151
195,254,95
196,254,158
197,254,287
198,254,94
199,254,68
200,254,297
201,254,129
202,254,186
203,254,133
204,254,229
205,254,275
206,254,123
207,254,43
208,254,188
209,254,171
210,254,198
211,143,12
212,143,216
213,143,78
214,143,254
215,143,258
216,143,151
217,143,171
218,180,115
219,180,12
220,180,144
221,180,22
222,180,70
223,180,216
224,180,78
225,180,254
226,180,151
227,180,171
228,44,305
229,44,108
230,44,277
231,44,243
232,44,25
233,44,169
234,44,70
235,44,216
236,44,296
237,44,276
238,44,254
239,44,299
240,44,38
241,44,151
242,44,94
243,44,297
244,44,133
245,44,123
246,44,206
247,44,198
248,170,12
249,170,144
250,170,25
251,170,70
252,170,216
253,170,276
254,170,151
255,170,188
256,47,216
257,47,254
258,47,151
259,47,188
260,299,108
261,299,216
262,299,44
263,299,151
264,299,275
265,299,43
266,182,12
267,182,87
268,182,216
269,182,78
270,182,254
271,182,171
272,24,12
273,24,57
274,24,258
275,24,171
276,38,305
277,38,277
278,38,169
279,38,216
280,38,254
281,38,44
282,38,151
283,38,94
284,38,275
285,38,123
286,38,43
287,258,108
288,258,62
289,258,22
290,258,70
291,258,87
292,258,216
293,258,78
294,258,254
295,258,143
296,258,24
297,258,151
298,258,95
299,258,158
300,258,287
301,258,171
302,151,305
303,151,211
304,151,115
305,151,108
306,151,289
307,151,243
308,151,12
309,151,62
310,151,25
311,151,292
312,151,222
313,151,70
314,151,124
315,151,216
316,151,296
317,151,114
318,151,276
319,151,254
320,151,143
321,151,44
322,151,170
323,151,47
324,151,299
325,151,38
326,151,258
327,151,95
328,151,94
329,151,297
330,151,129
331,151,133
332,151,275
333,151,123
334,151,43
335,151,206
336,151,188
337,151,171
338,151,88
339,95,12
340,95,216
341,95,78
342,95,254
343,95,258
344,95,151
345,95,171
346,158,108
347,158,12
348,158,22
349,158,216
350,158,78
351,158,254
352,158,258
353,158,151
354,158,171
355,287,108
356,287,12
357,287,78
358,287,254
359,287,258
360,287,151
361,287,171
362,94,277
363,94,216
364,94,296
365,94,254
366,94,44
367,94,38
368,94,151
369,94,297
370,94,133
371,94,275
372,94,123
373,68,12
374,68,57
375,68,78
376,68,254
377,297,305
378,297,211
379,297,108
380,297,12
381,297,222
382,297,70
383,297,216
384,297,276
385,297,254
386,297,44
387,297,151
388,297,94
389,297,229
390,297,275
391,297,43
392,297,198
393,129,108
394,129,12
395,129,144
396,129,222
397,129,70
398,129,92
399,129,216
400,129,296
401,129,78
402,129,254
403,129,151
404,129,171
405,186,115
406,186,12
407,186,216
408,186,78
409,186,254
410,186,151
411,186,188
412,186,171
413,133,305
414,133,108
415,133,277
416,133,25
417,133,169
418,133,216
419,133,276
420,133,254
421,133,44
422,133,151
423,133,94
424,133,275
425,133,123
426,133,43
427,229,216
428,229,296
429,229,254
430,229,297
431,275,243
432,275,216
433,275,296
434,275,254
435,275,299
436,275,38
437,275,151
438,275,94
439,275,297
440,275,133
441,275,206
442,123,305
443,123,277
444,123,12
445,123,25
446,123,169
447,123,216
448,123,296
449,123,254
450,123,44
451,123,38
452,123,151
453,123,94
454,123,133
455,123,188
456,43,243
457,43,216
458,43,296
459,43,276
460,43,254
461,43,299
462,43,38
463,43,151
464,43,297
465,43,133
466,43,206
467,206,216
468,206,44
469,206,151
470,206,275
471,206,43
472,188,305
473,188,115
474,188,12
475,188,278
476,188,62
477,188,144
478,188,292
479,188,22
480,188,70
481,188,216
482,188,296
483,188,114
484,188,276
485,188,78
486,188,254
487,188,47
488,188,151
489,188,186
490,188,123
491,188,171
492,188,88
493,171,305
494,171,83
495,171,274
496,171,115
497,171,108
498,171,289
499,171,12
500,171,62
501,171,25
502,171,22
503,171,70
504,171,238
505,171,57
506,171,87
507,171,216
508,171,276
509,171,254
510,171,143
511,171,180
512,171,24
513,171,258
514,171,151
515,171,95
516,171,158
517,171,287
518,171,129
519,171,186
520,171,188
521,88,144
522,88,70
523,88,276
524,88,151
525,198,305
526,198,216
527,198,296
528,198,254
529,198,297
530,305,273
531,305,144
532,305,25
533,305,70
534,305,216
535,305,296
536,305,189
537,305,209
538,305,276
539,305,78
540,305,254
541,305,44
542,305,151
543,305,297
544,305,133
545,305,188
546,305,198
547,83,12
548,83,78
549,83,254
550,273,144
551,273,25
552,211,108
553,211,144
554,211,25
555,211,222
556,211,70
557,211,216
558,211,189
559,211,254
560,211,297
561,211,171
562,274,108
563,274,12
564,274,216
565,274,78
566,274,171
567,115,12
568,115,144
569,115,216
570,115,78
571,115,171
572,108,211
573,108,274
574,108,115
575,108,12
576,108,62
577,108,25
578,108,292
579,108,22
580,108,70
581,108,87
582,108,216
583,108,296
584,108,78
585,108,254
586,108,180
587,108,299
588,108,151
589,108,287
590,108,129
591,108,133
592,108,171
593,277,169
594,277,216
595,277,44
596,277,38
597,277,94
598,277,123
599,289,12
600,289,216
601,289,78
602,289,254
603,289,151
604,289,171
605,243,216
606,243,44
607,243,151
608,243,275
609,243,43
610,12,83
611,12,274
612,12,115
613,12,108
614,12,289
615,12,25
616,12,292
617,12,22
618,12,70
619,12,124
620,12,57
621,12,90
622,12,87
623,12,216
624,12,276
625,12,78
626,12,254
627,12,143
628,12,180
629,12,170
630,12,182
631,12,24
632,12,151
633,12,95
634,12,158
635,12,287
636,12,68
637,12,297
638,12,129
639,12,123
640,12,188
641,12,171
642,278,108
643,278,78
644,278,254
645,278,188
646,62,12
647,62,216
648,62,78
649,62,254
650,96,70
651,144,305
652,144,273
653,144,211
654,144,115
655,144,222
656,144,70
657,144,189
658,144,114
659,144,209
660,144,276
661,144,180
662,144,170
663,144,129
664,144,188
665,144,88
666,25,305
667,25,211
668,25,108
669,25,12
670,25,70
671,25,216
672,25,276
673,25,78
674,25,254
675,25,44
676,25,170
677,25,151
678,25,133
679,25,123
680,25,171
681,292,108
682,292,12
683,292,254
684,292,188
685,222,305
686,222,211
687,222,144
688,222,70
689,222,216
690,222,296
691,222,189
692,222,151
693,222,129
694,22,108
695,22,70
696,22,87
697,22,78
698,22,254
699,22,258
700,22,158
701,22,188
702,22,171
703,169,277
704,169,216
705,169,44
706,169,38
707,169,133
708,169,123
709,70,211
710,70,108
711,70,144
712,70,25
713,70,222
714,70,22
715,70,92
716,70,90
717,70,87
718,70,296
719,70,114
720,70,78
721,70,254
722,70,180
723,70,170
724,70,258
725,70,151
726,70,297
727,70,129
728,70,188
729,70,171
730,92,70
731,238,254
732,124,276
733,57,216
734,87,182
735,216,115
736,189,305
737,38,276
738,258,68
739,151,180
740,151,158
741,287,216
742,297,129
743,305,222
744,305,38
745,305,123
746,305,171
747,83,216
748,211,12
749,211,296
750,211,151
751,274,254
752,115,70
753,115,254
754,115,151
755,108,278
756,108,276
757,108,44
758,108,297
759,277,133
760,12,305
761,12,211
762,12,62
763,12,114
764,12,186
765,278,12
766,62,258
767,62,188
768,25,273
769,292,78
770,292,151
771,22,12
772,22,57
773,70,305
774,70,12
775,70,96
776,70,216
777,238,78
778,87,12
779,114,151
780,151,78
781,151,287
782,171,211
783,115,186
784,108,258
785,108,158
786,12,278
787,62,108
788,62,171
789,70,115
790,70,209
791,70,44
792,70,88
793,151,186
794,188,170
795,198,44
796,305,12
797,273,216
798,22,180
799,115,87
800,278,216
801,62,151
802,92,129
803,171,124
804,115,108
805,115,180
806,180,108
807,88,188
808,68,258
809,211,209
810,171,182
811,211,78
812,115,188
813,238,216
814,189,216
815,211,92
816,92,211
817,222,297
818,129,297
819,88,216
820,189,222
821,83,171
822,273,305
823,176,18
824,305,146
825,213,18
826,276,146
827,18,47
828,304,278
829,278,186
830,88,18
831,278,176
832,18,200
833,124,18
834,18,287
835,18,221
836,146,255
837,212,146
838,146,74
839,211,299
840,299,276
841,23,299
842,299,222
843,160,299
844,299,160
845,222,299
846,299,23
847,299,305
848,299,277
849,276,299
850,277,299
851,169,299
852,222,198
853,198,299
854,299,198
855,198,222
856,76,299
857,277,297
858,297,299
859,299,76
860,23,165
861,165,76
862,305,299
863,76,165
864,299,129
865,165,23
866,129,299
867,129,88
868,88,129
869,211,170
870,170,43
871,299,211
872,165,169
873,165,94
874,94,169
875,169,165
876,169,94
877,94,165
878,80,43
879,43,169
880,169,43
881,43,80
882,43,198
883,198,211
884,88,305
885,43,160
886,160,43
887,170,129
888,129,43
889,43,129
890,299,88
891,305,43
892,305,170
893,43,305
894,88,43
895,43,88
896,170,211
897,129,211
898,43,170
899,305,129
900,170,299
901,299,169
902,198,276
903,198,94
904,276,287
905,129,198
906,198,43
907,211,198
908,87,211
909,211,305
910,211,87
911,87,287
912,305,211
913,88,211
914,169,198
915,299,170
916,180,287
917,129,180
918,129,170
919,198,129
920,88,299
921,297,277
922,160,297
923,299,297
924,170,297
925,297,47
926,297,88
927,297,170
928,305,88
929,88,297
930,47,297
931,297,160
932,297,169
933,169,297
934,297,23
935,23,297
936,297,76
937,76,297
938,297,80
939,80,297
940,299,94
941,129,305
942,129,287
943,287,129
944,87,180
945,180,211
946,94,198
947,211,180
948,180,87
949,287,180
950,287,276
951,180,129
952,287,115
953,115,287
954,276,87
955,94,299
956,211,276
957,287,87
958,276,198
959,276,211
960,276,180
961,180,276
962,198,47
963,47,198
964,87,276
965,198,169
966,47,299
967,299,47
968,123,170
969,123,122
970,170,123
971,299,123
972,123,299
973,122,123
974,276,123
975,123,276
976,296,170
977,170,296
978,296,133
979,122,296
980,133,296
981,25,296
982,296,25
983,282,296
984,296,282
985,296,122
986,277,296
987,296,277
988,169,296
989,296,169
990,38,296
991,296,38
992,211,88
993,20,146
994,287,146
995,115,146
996,18,255
997,164,18
998,289,18
999,18,199
1000,109,146
1001,213,278
1002,37,146
1003,146,214
1004,71,146
1005,282,146
1006,146,47
1007,18,158
1008,106,18
1009,18,89
1010,248,146
1011,97,278
1012,18,188
1013,266,18
1014,18,248
1015,18,3
1016,276,18
1017,83,18
1018,274,278
1019,146,87
1020,108,146
1021,18,186
1022,109,18
1023,146,20
1024,18,15
1025,238,278
1026,146,65
1027,18,164
1028,20,18
1029,186,146
1030,239,18
1031,87,146
1032,146,276
1033,146,115
1034,115,18
1035,146,162
1036,146,209
1037,248,18
1038,182,146
1039,221,18
1040,146,170
1041,18,106
1042,146,90
1043,18,130
1044,238,18
1045,18,87
1046,95,18
1047,65,146
1048,238,146
1049,278,304
1050,186,278
1051,18,109
1052,278,180
1053,146,231
1054,141,18
1055,289,278
1056,18,276
1057,146,13
1058,170,146
1059,18,292
1060,18,259
1061,15,18
1062,108,18
1063,3,18
1064,146,144
1065,146,222
1066,158,18
1067,18,117
1068,47,146
1069,278,158
1070,74,18
1071,146,108
1072,146,37
1073,143,18
1074,146,26
1075,74,278
1076,278,97
1077,304,18
1078,146,15
1079,18,266
1080,146,160
1081,18,74
1082,18,304
1083,278,109
1084,18,95
1085,18,170
1086,146,305
1087,146,3
1088,214,146
1089,146,301
1090,146,142
1091,146,51
1092,278,249
1093,146,182
1094,62,18
1095,278,89
1096,278,45
1097,18,274
1098,161,18
1099,146,180
1100,287,18
1101,18,114
1102,87,18
1103,89,146
1104,188,18
1105,18,83
1106,18,161
1107,12,18
1108,278,287
1109,287,278
1110,146,89
1111,278,141
1112,18,238
1113,146,109
1114,95,146
1115,18,143
1116,180,146
1117,292,18
1118,278,276
1119,18,108
1120,146,238
1121,278,213
1122,18,213
1123,198,146
1124,278,238
1125,18,88
1126,186,18
1127,146,248
1128,4,278
1129,18,176
1130,18,62
1131,114,146
1132,146,124
1133,239,146
1134,18,4
1135,146,266
1136,146,4
1137,146,88
1138,18,289
1139,259,18
1140,146,5
1141,146,215
1142,18,12
1143,18,141
1144,90,18
1145,89,18
1146,146,282
1147,199,18
1148,146,270
1149,146,36
1150,143,278
1151,3,146
1152,49,146
1153,182,18
1154,146,239
1155,208,18
1156,146,273
1157,51,146
1158,274,18
1159,18,182
1160,301,146
1161,249,278
1162,278,143
1163,278,4
1164,130,18
1165,117,18
1166,146,39
1167,278,164
1168,255,18
1169,18,115
1170,278,3
1171,144,146
1172,13,146
1173,146,62
1174,74,146
1175,4,18
1176,146,236
1177,137,146
1178,146,49
1179,26,146
1180,5,146
1181,90,146
1182,123,146
1183,146,220
1184,146,198
1185,278,48
1186,3,278
1187,146,71
1188,18,142
1189,18,90
1190,146,208
1191,146,186
1192,18,208
1193,146,188
1194,109,278
1195,24,146
1196,81,146
1197,146,130
1198,4,146
1199,39,146
1200,146,151
1201,278,258
1202,156,146
1203,83,278
1204,146,213
1205,146,92
1206,160,146
1207,208,146
1208,146,91
1209,146,141
1210,215,146
1211,141,278
1212,278,214
1213,273,146
1214,146,137
1215,146,287
1216,151,146
1217,278,129
1218,278,289
1219,88,146
1220,45,278
1221,222,146
1222,18,239
1223,189,146
1224,278,106
1225,278,292
1226,146,81
1227,221,146
1228,170,278
1229,146,95
1230,137,18
1231,124,146
1232,248,278
1233,15,146
1234,231,146
1235,278,248
1236,270,146
1237,209,146
1238,266,146
1239,278,15
1240,146,156
1241,276,278
1242,146,221
1243,146,105
1244,211,278
1245,162,146
1246,278,83
1247,278,130
1248,188,146
1249,176,278
1250,146,29
1251,62,146
1252,278,25
1253,146,212
1254,214,278
1255,105,146
1256,29,146
1257,18,124
1258,36,146
1259,18,137
1260,146,123
1261,146,114
1262,278,74
1263,18,20
1264,266,278
1265,278,170
1266,142,18
1267,220,146
1268,182,278
1269,114,18
1270,292,278
1271,141,146
1272,48,278
1273,200,18
1274,124,278
1275,213,146
1276,89,278
1277,146,211
1278,92,146
1279,259,146
1280,300,146
1281,18,48
1282,146,300
1283,278,211
1284,146,68
1285,146,24
1286,15,278
1287,130,146
1288,146,189
1289,278,117
1290,255,146
1291,158,278
1292,47,18
1293,129,278
1294,117,278
1295,278,124
1296,164,278
1297,48,18
1298,180,278
1299,180,18
1300,254,18
1301,146,259
1302,170,18
1303,18,180
1304,18,254
1305,278,274
1306,142,146
1307,278,266
1308,146,78
1309,130,278
1310,258,278
1311,106,278
1312,278,182
1313,78,146
1314,184,18
1315,45,213
1316,202,25
1317,202,151
1318,72,213
1319,211,238
1320,274,213
1321,115,213
1322,99,213
1323,108,266
1324,108,238
1325,108,213
1326,48,238
1327,289,213
1328,199,238
1329,199,213
1330,197,213
1331,259,238
1332,259,213
1333,152,213
1334,266,108
1335,266,62
1336,266,238
1337,266,100
1338,266,234
1339,266,20
1340,266,200
1341,266,213
1342,266,182
1343,266,215
1344,266,106
1345,266,255
1346,62,266
1347,52,25
1348,25,202
1349,25,130
1350,25,52
1351,25,6
1352,25,181
1353,25,129
1354,29,25
1355,292,266
1356,19,25
1357,291,151
1358,40,213
1359,46,213
1360,41,25
1361,41,151
1362,185,213
1363,4,213
1364,221,266
1365,221,213
1366,3,213
1367,8,167
1368,8,283
1369,8,240
1370,231,238
1371,238,130
1372,238,108
1373,238,48
1374,238,259
1375,238,266
1376,238,231
1377,238,87
1378,238,249
1379,238,64
1380,238,182
1381,238,95
1382,238,106
1383,238,290
1384,238,129
1385,238,255
1386,238,104
1387,87,238
1388,167,8
1389,2,213
1390,216,122
1391,216,50
1392,249,238
1393,165,151
1394,283,8
1395,230,213
1396,276,238
1397,64,213
1398,50,216
1399,76,151
1400,81,25
1401,240,8
1402,170,213
1403,213,45
1404,213,72
1405,213,211
1406,213,274
1407,213,99
1408,213,108
1409,213,289
1410,213,199
1411,213,197
1412,213,259
1413,213,152
1414,213,266
1415,213,29
1416,213,40
1417,213,46
1418,213,185
1419,213,221
1420,213,3
1421,213,2
1422,213,230
1423,213,170
1424,213,95
1425,213,250
1426,213,104
1427,182,266
1428,182,213
1429,151,202
1430,151,80
1431,151,6
1432,151,29
1433,151,291
1434,151,41
1435,151,282
1436,151,20
1437,151,50
1438,151,236
1439,151,198
1440,151,125
1441,95,238
1442,95,213
1443,215,266
1444,236,151
1445,106,213
1446,181,25
1447,290,238
1448,129,25
1449,129,238
1450,255,238
1451,118,151
1452,250,213
1453,104,238
1454,104,213
1455,304,213
1456,132,151
1457,125,216
1458,125,151
1459,130,266
1460,130,238
1461,130,213
1462,98,213
1463,80,216
1464,80,151
1465,115,238
1466,259,266
1467,266,130
1468,266,259
1469,266,221
1470,266,64
1471,266,74
1472,266,188
1473,160,25
1474,203,213
1475,25,19
1476,25,41
1477,6,151
1478,122,151
1479,23,216
1480,3,238
1481,8,302
1482,238,211
1483,238,115
1484,238,199
1485,238,3
1486,238,276
1487,238,258
1488,238,158
1489,238,287
1490,238,304
1491,282,151
1492,100,266
1493,302,8
1494,234,266
1495,64,238
1496,20,266
1497,143,213
1498,117,213
1499,180,266
1500,213,98
1501,213,115
1502,213,160
1503,213,203
1504,213,4
1505,213,64
1506,213,117
1507,213,176
1508,213,255
1509,213,17
1510,182,238
1511,258,238
1512,151,160
1513,151,23
1514,151,9
1515,158,238
1516,287,238
1517,290,213
1518,255,213
1519,188,266
1520,304,238
1521,17,213
1522,266,292
1523,266,95
1524,266,287
1525,160,151
1526,25,81
1527,29,151
1528,23,151
1529,238,292
1530,216,23
1531,216,118
1532,216,9
1533,213,143
1534,213,287
1535,151,165
1536,151,76
1537,287,266
1538,198,151
1539,274,266
1540,266,274
1541,25,286
1542,25,233
1543,29,213
1544,200,266
1545,151,118
1546,287,213
1547,176,213
1548,289,266
1549,12,266
1550,266,289
1551,266,12
1552,266,87
1553,6,25
1554,292,238
1555,122,216
1556,233,25
1557,238,176
1558,87,266
1559,216,160
1560,216,236
1561,276,213
1562,20,151
1563,213,182
1564,213,106
1565,151,122
1566,151,132
1567,236,216
1568,106,238
1569,118,216
1570,266,186
1571,266,97
1572,238,274
1573,238,200
1574,213,290
1575,151,204
1576,9,216
1577,9,151
1578,204,151
1579,160,213
1580,238,221
1581,50,151
1582,143,238
1583,213,276
1584,129,213
1585,115,266
1586,266,115
1587,266,124
1588,266,276
1589,124,266
1590,276,266
1591,64,266
1592,213,129
1593,213,304
1594,106,266
1595,74,266
1596,266,83
1597,25,160
1598,238,143
1599,117,25
1600,186,266
1601,216,80
1602,200,238
1603,255,266
1604,274,238
1605,146,25
1606,266,214
1607,266,114
1608,266,158
1609,214,266
1610,114,266
1611,213,130
1612,158,266
1613,97,266
1614,176,238
1615,221,238
1616,83,266
1617,95,266
1618,266,304
1619,248,266
1620,176,266
1621,304,266
1622,216,76
1623,160,216
1624,76,216
1625,130,29
1626,239,3
1627,29,239
1628,269,239
1629,239,248
1630,141,13
1631,211,234
1632,234,211
1633,239,89
1634,48,258
1635,40,239
1636,182,234
1637,234,258
1638,141,137
1639,239,258
1640,239,234
1641,234,108
1642,239,274
1643,188,234
1644,248,239
1645,48,108
1646,13,141
1647,231,239
1648,239,152
1649,239,4
1650,53,239
1651,249,287
1652,239,29
1653,304,239
1654,239,278
1655,83,239
1656,234,158
1657,258,239
1658,239,95
1659,239,115
1660,141,234
1661,249,259
1662,62,239
1663,234,287
1664,292,239
1665,239,108
1666,287,239
1667,249,266
1668,276,239
1669,108,234
1670,249,74
1671,74,249
1672,47,239
1673,62,249
1674,287,234
1675,239,292
1676,88,239
1677,239,25
1678,234,95
1679,109,239
1680,234,141
1681,106,234
1682,239,304
1683,171,239
1684,239,171
1685,29,130
1686,239,22
1687,287,48
1688,239,24
1689,24,239
1690,249,34
1691,188,239
1692,239,87
1693,108,239
1694,239,249
1695,239,213
1696,239,160
1697,239,170
1698,106,239
1699,130,221
1700,239,20
1701,239,109
1702,239,214
1703,239,259
1704,304,130
1705,130,137
1706,130,304
1707,239,211
1708,89,239
1709,239,287
1710,213,239
1711,287,249
1712,176,239
1713,259,239
1714,249,137
1715,213,234
1716,141,239
1717,161,239
1718,239,161
1719,176,234
1720,239,137
1721,239,124
1722,124,239
1723,239,106
1724,239,120
1725,239,176
1726,239,276
1727,239,48
1728,12,239
1729,130,186
1730,48,12
1731,12,48
1732,249,3
1733,274,239
1734,239,12
1735,214,239
1736,239,97
1737,4,239
1738,186,239
1739,249,87
1740,234,176
1741,239,221
1742,239,15
1743,239,88
1744,164,239
1745,239,62
1746,249,62
1747,234,213
1748,48,287
1749,239,186
1750,48,221
1751,95,239
1752,239,53
1753,249,15
1754,239,188
1755,137,239
1756,97,239
1757,301,249
1758,249,301
1759,13,130
1760,48,234
1761,234,48
1762,234,12
1763,292,234
1764,74,239
1765,62,234
1766,274,234
1767,234,164
1768,266,249
1769,234,274
1770,234,239
1771,249,239
1772,258,234
1773,249,255
1774,255,249
1775,221,249
1776,184,249
1777,164,234
1778,249,221
1779,90,239
1780,108,48
1781,234,106
1782,234,278
1783,141,231
1784,238,141
1785,130,13
1786,89,130
1787,130,62
1788,3,78
1789,78,3
1790,141,48
1791,68,62
1792,239,74
1793,62,68
1794,239,182
1795,48,141
1796,239,231
1797,234,182
1798,239,40
1799,259,249
1800,158,239
1801,239,158
1802,239,269
1803,115,249
1804,239,83
1805,130,143
1806,238,239
1807,239,238
1808,120,130
1809,239,129
1810,143,239
1811,46,130
1812,130,46
1813,72,239
1814,87,249
1815,130,89
1816,20,239
1817,239,47
1818,239,143
1819,62,48
1820,143,130
1821,234,130
1822,48,239
1823,301,239
1824,234,292
1825,87,239
1826,130,234
1827,130,258
1828,221,48
1829,152,239
1830,278,234
1831,130,120
1832,239,68
1833,255,239
1834,239,245
1835,130,254
1836,221,130
1837,249,115
1838,186,130
1839,239,141
1840,68,239
1841,129,239
1842,130,45
1843,287,130
1844,48,259
1845,115,239
1846,254,130
1847,234,74
1848,170,239
1849,12,234
1850,221,239
1851,239,255
1852,234,62
1853,95,234
1854,15,239
1855,48,87
1856,212,239
1857,239,212
1858,239,72
1859,239,180
1860,239,2
1861,258,48
1862,234,304
1863,45,130
1864,249,180
1865,239,270
1866,137,141
1867,45,239
1868,15,249
1869,239,266
1870,130,211
1871,239,90
1872,239,164
1873,234,188
1874,270,239
1875,234,124
1876,278,239
1877,64,130
1878,239,64
1879,64,239
1880,180,249
1881,239,185
1882,185,239
1883,290,266
1884,199,239
1885,239,199
1886,45,234
1887,74,234
1888,182,48
1889,3,249
1890,249,231
1891,211,239
1892,62,130
1893,160,239
1894,266,239
1895,239,45
1896,48,182
1897,304,234
1898,48,255
1899,87,48
1900,259,48
1901,83,234
1902,137,249
1903,48,161
1904,186,48
1905,22,239
1906,130,239
1907,258,130
1908,211,130
1909,48,186
1910,182,239
1911,180,239
1912,48,62
1913,161,48
1914,231,249
1915,120,239
1916,15,211
1917,255,48
1918,292,213
1919,245,239
1920,137,130
1921,115,211
1922,158,234
1923,2,239
1924,158,48
1925,130,115
1926,25,239
1927,130,248
1928,108,130
1929,130,3
1930,130,289
1931,289,130
1932,130,108
1933,109,248
1934,248,109
1935,276,129
1936,95,109
1937,109,274
1938,274,109
1939,109,117
1940,258,109
1941,109,258
1942,109,95
1943,276,62
1944,117,109
1945,109,47
1946,276,117
1947,109,287
1948,287,109
1949,109,12
1950,12,109
1951,160,276
1952,190,123
1953,123,190
1954,35,123
1955,123,35
1956,52,123
1957,123,52
1958,123,149
1959,123,125
1960,6,123
1961,123,118
1962,123,222
1963,123,198
1964,237,123
1965,123,178
1966,123,47
1967,32,123
1968,123,32
1969,123,119
1970,123,181
1971,119,123
1972,275,123
1973,123,275
1974,123,136
1975,136,123
1976,123,6
1977,123,23
1978,123,237
1979,198,123
1980,123,76
1981,123,43
1982,43,123
1983,123,279
1984,123,218
1985,123,172
1986,172,123
1987,191,123
1988,123,191
1989,123,1
1990,123,243
1991,123,236
1992,236,123
1993,88,123
1994,123,165
1995,123,88
1996,41,123
1997,47,123
1998,123,160
1999,243,123
2000,130,20
2001,109,123
2002,123,175
2003,123,202
2004,229,123
2005,115,123
2006,123,229
2007,123,62
2008,62,123
2009,123,55
2010,233,123
2011,123,278
2012,108,123
2013,123,21
2014,214,123
2015,202,123
2016,248,123
2017,123,108
2018,175,123
2019,123,211
2020,123,214
2021,123,109
2022,123,114
2023,278,123
2024,123,297
2025,297,123
2026,296,297
2027,297,296
2028,80,296
2029,299,296
2030,296,236
2031,296,299
2032,296,206
2033,206,296
2034,229,153
2035,229,118
2036,229,9
2037,9,296
2038,23,296
2039,43,229
2040,229,43
2041,229,128
2042,118,229
2043,296,23
2044,122,38
2045,38,122
2046,296,35
2047,125,93
2048,267,229
2049,229,267
2050,296,204
2051,296,267
2052,267,296
2053,137,213
2054,213,137
2055,164,213
2056,213,164
2057,47,213
2058,213,186
2059,186,213
2060,25,55
2061,109,213
2062,214,213
2063,202,296
2064,20,213
2065,84,25
2066,296,202
2067,202,213
2068,277,213
2069,213,242
2070,208,213
2071,229,243
2072,213,202
2073,25,226
2074,25,119
2075,25,58
2076,58,25
2077,119,213
2078,213,277
2079,54,213
2080,213,54
2081,211,213
2082,115,25
2083,213,88
2084,88,213
2085,229,236
2086,212,213
2087,213,212
2088,213,15
2089,15,213
2090,84,213
2091,213,84
2092,282,213
2093,213,20
2094,242,213
2095,25,117
2096,124,213
2097,233,213
2098,213,208
2099,120,213
2100,213,66
2101,66,25
2102,213,47
2103,94,229
2104,213,109
2105,236,25
2106,25,242
2107,66,213
2108,25,120
2109,296,214
2110,243,229
2111,89,25
2112,25,89
2113,229,122
2114,277,229
2115,229,299
2116,226,25
2117,229,198
2118,236,229
2119,299,229
2120,122,229
2121,229,277
2122,55,25
2123,229,28
2124,305,229
2125,229,305
2126,296,160
2127,213,123
2128,226,213
2129,119,25
2130,213,120
2131,160,296
2132,243,25
2133,178,25
2134,25,178
2135,59,25
2136,25,59
2137,109,25
2138,229,94
2139,25,172
2140,40,25
2141,25,231
2142,231,25
2143,213,226
2144,191,25
2145,25,20
2146,25,191
2147,25,15
2148,25,50
2149,50,25
2150,20,25
2151,25,115
2152,25,277
2153,172,25
2154,25,66
2155,25,243
2156,25,118
2157,198,25
2158,25,122
2159,152,25
2160,23,25
2161,25,222
2162,222,25
2163,25,32
2164,32,25
2165,21,25
2166,25,21
2167,277,25
2168,25,109
2169,25,198
2170,118,25
2171,109,130
2172,208,130
2173,276,95
2174,109,62
2175,62,276
2176,47,109
2177,109,266
2178,276,160
2179,123,280
2180,123,217
2181,286,123
2182,123,286
2183,149,123
2184,21,123
2185,178,123
2186,160,130
2187,123,41
2188,55,123
2189,130,208
2190,23,123
2191,181,123
2192,125,123
2193,123,73
2194,73,123
2195,123,9
2196,130,109
2197,123,247
2198,9,123
2199,123,80
2200,165,123
2201,160,123
2202,279,123
2203,20,130
2204,123,206
2205,206,123
2206,123,129
2207,129,123
2208,123,248
2209,123,115
2210,211,123
2211,123,233
2212,114,123
2213,81,123
2214,123,81
2215,296,80
2216,296,76
2217,296,118
2218,236,296
2219,9,229
2220,76,229
2221,229,76
2222,296,9
2223,229,50
2224,80,229
2225,229,80
2226,128,229
2227,50,229
2228,296,67
2229,23,229
2230,118,296
2231,229,23
2232,229,73
2233,73,229
2234,204,296
2235,133,38
2236,38,73
2237,73,38
2238,38,133
2239,43,153
2240,25,236
2241,213,233
2242,213,214
2243,213,124
2244,88,25
2245,269,213
2246,213,282
2247,214,296
2248,160,229
2249,229,206
2250,25,88
2251,25,152
2252,213,119
2253,208,25
2254,25,208
2255,120,25
2256,76,25
2257,15,25
2258,130,160
2259,248,130
2260,129,276
2261,95,276
2262,62,109
2263,117,276
2264,280,123
2265,217,123
2266,29,123
2267,218,123
2268,70,130
2269,123,208
2270,123,84
2271,3,130
2272,76,296
2273,296,27
2274,27,296
2275,153,229
2276,256,296
2277,275,118
2278,38,50
2279,110,153
2280,229,110
2281,193,229
2282,229,193
2283,296,125
2284,50,38
2285,110,229
2286,4,25
2287,25,282
2288,25,23
2289,206,229
2290,229,160
2291,28,229
2292,25,278
2293,122,25
2294,227,25
2295,25,84
2296,1,123
2297,84,123
2298,80,123
2299,118,123
2300,123,180
2301,67,296
2302,229,27
2303,296,256
2304,35,296
2305,125,296
2306,93,296
2307,93,125
2308,296,93
2309,193,23
2310,122,23
2311,25,227
2312,128,43
2313,202,229
2314,229,202
2315,130,70
2316,218,277
2317,50,123
2318,222,123
2319,76,123
2320,191,280
2321,73,178
2322,123,50
2323,247,123
2324,123,95
2325,292,123
2326,123,292
2327,123,213
2328,95,123
2329,9,76
2330,118,275
2331,153,43
2332,153,110
2333,25,80
2334,89,213
2335,213,89
2336,25,213
2337,25,40
2338,229,119
2339,119,229
2340,296,81
2341,123,29
2342,130,81
2343,81,130
2344,123,40
2345,40,123
2346,180,123
2347,267,80
2348,25,4
2349,282,25
2350,213,292
2351,213,41
2352,129,273
2353,213,269
2354,25,47
2355,122,50
2356,25,146
2357,123,159
2358,159,123
2359,213,25
2360,41,213
2361,287,185
2362,266,72
2363,153,76
2364,25,76
2365,130,188
2366,188,130
2367,81,296
2368,25,29
2369,198,229
2370,118,76
2371,267,94
2372,266,109
2373,202,117
2374,266,4
2375,217,149
2376,181,149
2377,55,178
2378,119,178
2379,88,242
2380,282,242
2381,208,137
2382,23,157
2383,243,198
2384,50,267
2385,153,275
2386,229,25
2387,242,25
2388,296,41
2389,236,149
2390,40,117
2391,43,118
2392,72,208
2393,277,95
2394,213,8
2395,8,213
2396,167,213
2397,240,167
2398,213,240
2399,229,234
2400,234,229
2401,213,175
2402,296,234
2403,234,296
2404,25,229
2405,229,240
2406,240,229
2407,78,229
2408,133,213
2409,229,283
2410,8,25
2411,266,25
2412,25,8
2413,296,238
2414,240,296
2415,296,240
2416,238,296
2417,25,275
2418,167,229
2419,229,18
2420,296,167
2421,229,213
2422,133,229
2423,229,167
2424,167,296
2425,283,229
2426,229,133
2427,248,25
2428,296,78
2429,283,296
2430,296,283
2431,296,213
2432,240,25
2433,25,240
2434,8,229
2435,229,8
2436,229,238
2437,38,229
2438,296,8
2439,8,296
2440,18,229
2441,18,296
2442,296,18
2443,25,297
2444,258,25
2445,275,25
2446,213,296
2447,47,25
2448,25,48
2449,213,83
2450,249,213
2451,44,238
2452,238,213
2453,87,213
2454,213,133
2455,213,248
2456,43,213
2457,44,213
2458,213,87
2459,188,25
2460,213,258
2461,74,213
2462,213,229
2463,248,213
2464,130,229
2465,48,25
2466,25,238
2467,297,213
2468,25,206
2469,213,44
2470,296,48
2471,48,296
2472,62,213
2473,229,48
2474,48,229
2475,213,74
2476,25,95
2477,229,258
2478,258,229
2479,238,229
2480,296,258
2481,258,296
2482,238,133
2483,12,213
2484,213,48
2485,258,213
2486,38,238
2487,25,62
2488,133,238
2489,38,25
2490,238,38
2491,180,238
2492,43,238
2493,238,297
2494,83,213
2495,297,238
2496,275,238
2497,238,275
2498,213,158
2499,25,214
2500,25,188
2501,206,25
2502,48,213
2503,180,213
2504,129,229
2505,25,258
2506,175,25
2507,213,238
2508,95,25
2509,78,296
2510,229,129
2511,12,296
2512,296,12
2513,229,130
2514,158,213
2515,238,44
2516,238,43
2517,229,78
2518,229,12
2519,12,229
2520,238,25
2521,124,25
2522,62,25
2523,249,25
2524,214,25
2525,213,38
2526,213,62
2527,213,12
2528,229,38
2529,213,297
2530,25,38
2531,213,275
2532,169,213
2533,25,249
2534,296,180
2535,213,180
2536,25,175
2537,292,25
2538,297,25
2539,25,248
2540,213,206
2541,130,25
2542,175,213
2543,229,211
2544,25,43
2545,146,229
2546,229,146
2547,213,43
2548,25,266
2549,25,18
2550,25,124
2551,169,25
2552,206,213
2553,43,25
2554,229,214
2555,38,213
2556,180,296
2557,238,180
2558,25,141
2559,275,213
2560,213,169
2561,18,25
2562,214,229
2563,287,25
2564,25,292
2565,213,249
2566,213,141
2567,141,213
2568,213,188
2569,211,229
2570,141,25
2571,25,169
2572,305,238
2573,238,305
2574,25,287
2575,151,238
2576,238,151
2577,238,262
2578,60,238
2579,262,60
2580,296,175
2581,175,296
2582,78,213
2583,213,78
2584,213,22
2585,25,283
2586,283,25
2587,22,213
2588,133,8
2589,167,25
2590,25,167
2591,297,8
2592,8,297
2593,60,213
2594,213,262
2595,238,53
2596,53,238
2597,24,213
2598,213,24
2599,171,213
2600,213,171
2601,151,213
2602,94,25
2603,299,25
2604,25,22
2605,25,299
2606,151,229
2607,25,53
2608,180,25
2609,25,180
2610,238,22
2611,53,25
2612,216,213
2613,213,216
2614,25,94
2615,22,25
2616,213,151
2617,229,151
2618,22,238
2619,238,60
2620,213,60
2621,30,151
2622,130,216
2623,130,151
2624,48,266
2625,48,216
2626,289,141
2627,266,45
2628,266,48
2629,266,141
2630,266,22
2631,266,216
2632,266,296
2633,266,78
2634,266,143
2635,266,53
2636,266,248
2637,266,180
2638,266,24
2639,266,258
2640,266,151
2641,266,176
2642,266,68
2643,266,297
2644,266,133
2645,266,229
2646,266,60
2647,266,262
2648,266,171
2649,141,274
2650,141,289
2651,141,266
2652,141,22
2653,141,216
2654,141,249
2655,141,78
2656,141,24
2657,141,151
2658,141,304
2659,141,171
2660,214,258
2661,214,151
2662,18,216
2663,22,141
2664,169,151
2665,8,151
2666,87,141
2667,234,216
2668,234,151
2669,167,151
2670,216,130
2671,216,48
2672,216,266
2673,216,18
2674,216,22
2675,216,234
2676,216,248
2677,296,266
2678,296,95
2679,249,95
2680,78,266
2681,78,141
2682,143,266
2683,53,266
2684,248,151
2685,180,258
2686,240,151
2687,24,266
2688,24,141
2689,24,216
2690,24,95
2691,258,12
2692,258,266
2693,258,214
2694,258,74
2695,258,133
2696,258,60
2697,258,304
2698,151,30
2699,151,130
2700,151,48
2701,151,278
2702,151,266
2703,151,141
2704,151,214
2705,151,22
2706,151,169
2707,151,8
2708,151,167
2709,151,248
2710,74,258
2711,68,266
2712,297,266
2713,133,266
2714,229,266
2715,60,266
2716,60,258
2717,262,266
2718,171,266
2719,171,141
2720,30,216
2721,274,141
2722,48,249
2723,48,151
2724,48,95
2725,48,60
2726,289,258
2727,278,151
2728,141,87
2729,214,216
2730,292,216
2731,18,151
2732,22,266
2733,22,216
2734,22,151
2735,22,95
2736,216,30
2737,216,214
2738,216,292
2739,216,24
2740,283,151
2741,53,258
2742,109,151
2743,258,274
2744,258,289
2745,258,141
2746,258,124
2747,258,53
2748,258,297
2749,258,262
2750,151,18
2751,151,234
2752,151,283
2753,151,240
2754,95,296
2755,95,68
2756,95,229
2757,68,141
2758,297,258
2759,229,95
2760,60,48
2761,83,141
2762,12,258
2763,141,158
2764,216,141
2765,249,141
2766,143,141
2767,248,216
2768,258,292
2769,258,180
2770,258,38
2771,151,277
2772,262,258
2773,277,151
2774,141,83
2775,216,53
2776,68,95
2777,83,258
2778,274,151
2779,266,19
2780,141,68
2781,19,266
2782,249,48
2783,151,109
2784,133,258
2785,196,266
2786,141,143
2787,141,180
2788,95,22
2789,180,141
2790,304,258
2791,274,258
2792,258,182
2793,95,249
2794,158,141
2795,141,95
2796,304,141
2797,258,83
2798,151,274
2799,266,196
2800,53,95
2801,292,258
2802,95,48
2803,12,130
2804,130,53
2805,130,296
2806,249,68
2807,231,130
2808,34,130
2809,130,287
2810,274,130
2811,130,87
2812,95,130
2813,129,130
2814,130,182
2815,130,19
2816,18,123
2817,68,130
2818,130,12
2819,8,123
2820,171,234
2821,130,15
2822,171,48
2823,48,171
2824,24,249
2825,130,171
2826,78,130
2827,296,130
2828,22,234
2829,297,234
2830,130,129
2831,239,130
2832,130,141
2833,141,130
2834,130,214
2835,130,60
2836,130,262
2837,130,249
2838,249,130
2839,130,133
2840,130,22
2841,130,123
2842,258,123
2843,130,97
2844,130,48
2845,130,255
2846,133,130
2847,239,216
2848,297,239
2849,30,123
2850,130,222
2851,214,130
2852,234,60
2853,123,130
2854,48,22
2855,130,78
2856,130,276
2857,130,68
2858,53,130
2859,130,44
2860,22,48
2861,130,274
2862,130,114
2863,171,123
2864,130,74
2865,296,239
2866,130,24
2867,124,130
2868,44,130
2869,180,130
2870,130,176
2871,123,48
2872,130,90
2873,130,95
2874,130,180
2875,24,130
2876,171,296
2877,87,130
2878,130,259
2879,130,51
2880,130,215
2881,130,231
2882,130,199
2883,301,130
2884,255,130
2885,176,130
2886,171,130
2887,130,233
2888,48,123
2889,123,258
2890,206,130
2891,130,34
2892,234,22
2893,234,78
2894,229,239
2895,123,239
2896,78,234
2897,234,171
2898,123,234
2899,234,297
2900,276,130
2901,239,297
2902,130,305
2903,141,123
2904,130,5
2905,130,43
2906,97,130
2907,130,198
2908,48,78
2909,48,130
2910,216,239
2911,182,130
2912,239,133
2913,130,124
2914,239,123
2915,123,22
2916,130,292
2917,8,130
2918,130,8
2919,222,130
2920,130,299
2921,198,130
2922,215,130
2923,305,239
2924,299,130
2925,266,123
2926,239,296
2927,184,130
2928,130,184
2929,130,297
2930,78,48
2931,22,130
2932,130,179
2933,114,130
2934,297,130
2935,199,130
2936,94,130
2937,239,78
2938,115,130
2939,239,229
2940,259,130
2941,68,274
2942,123,141
2943,123,78
2944,74,130
2945,292,130
2946,130,38
2947,305,130
2948,130,206
2949,274,22
2950,296,274
2951,130,94
2952,130,175
2953,175,130
2954,239,151
2955,234,123
2956,51,130
2957,15,130
2958,123,18
2959,130,301
2960,43,130
2961,78,239
2962,130,49
2963,233,130
2964,22,249
2965,151,239
2966,296,22
2967,123,8
2968,24,48
2969,249,22
2970,78,249
2971,249,78
2972,249,171
2973,171,249
2974,25,234
2975,287,123
2976,123,171
2977,78,123
2978,234,53
2979,238,123
2980,130,275
2981,22,274
2982,274,296
2983,274,24
2984,239,305
2985,296,171
2986,48,24
2987,249,24
2988,19,130
2989,262,130
2990,240,123
2991,262,234
2992,60,130
2993,60,234
2994,275,130
2995,239,38
2996,38,130
2997,234,233
2998,233,234
2999,48,68
3000,68,48
3001,53,234
3002,123,287
3003,274,68
3004,68,249
3005,24,274
3006,22,296
3007,123,238
3008,123,266
3009,38,239
3010,123,30
3011,133,239
3012,90,130
3013,206,239
3014,234,133
3015,123,240
3016,179,130
3017,133,234
3018,38,234
3019,22,123
3020,49,130
3021,130,269
3022,130,82
3023,130,251
3024,130,250
3025,130,158
3026,130,142
3027,88,130
3028,269,130
3029,162,130
3030,197,239
3031,239,197
3032,130,174
3033,130,245
3034,170,130
3035,130,100
3036,158,130
3037,130,235
3038,130,77
3039,130,212
3040,130,99
3041,130,170
3042,130,282
3043,212,130
3044,130,290
3045,65,130
3046,130,47
3047,36,130
3048,130,200
3049,11,130
3050,197,130
3051,4,130
3052,130,270
3053,270,130
3054,130,88
3055,130,101
3056,192,130
3057,130,36
3058,187,130
3059,290,130
3060,130,98
3061,5,130
3062,130,83
3063,66,130
3064,130,192
3065,130,219
3066,130,66
3067,239,142
3068,130,197
3069,199,249
3070,141,90
3071,282,130
3072,130,16
3073,161,130
3074,148,130
3075,90,141
3076,145,130
3077,130,96
3078,130,37
3079,130,121
3080,121,130
3081,142,130
3082,288,130
3083,130,241
3084,130,64
3085,268,130
3086,245,130
3087,263,130
3088,130,288
3089,130,65
3090,130,11
3091,127,130
3092,130,148
3093,242,130
3094,72,130
3095,156,130
3096,47,130
3097,152,130
3098,130,117
3099,117,130
3100,235,130
3101,130,268
3102,219,130
3103,130,187
3104,101,130
3105,96,130
3106,130,106
3107,106,130
3108,39,130
3109,130,145
3110,130,156
3111,100,130
3112,130,4
3113,130,102
3114,166,130
3115,83,130
3116,130,263
3117,37,130
3118,134,130
3119,130,162
3120,130,72
3121,303,130
3122,241,130
3123,251,130
3124,200,130
3125,40,130
3126,130,63
3127,130,242
3128,130,39
3129,174,130
3130,185,130
3131,57,130
3132,98,130
3133,130,105
3134,105,130
3135,142,239
3136,130,185
3137,130,126
3138,130,303
3139,130,152
3140,231,141
3141,239,13
3142,130,127
3143,112,130
3144,130,164
3145,164,130
3146,63,130
3147,130,57
3148,130,134
3149,130,166
3150,99,130
3151,82,130
3152,102,130
3153,250,130
3154,126,130
3155,77,130
3156,249,199
3157,130,112
3158,130,281
3159,16,130
3160,281,130
3161,130,40
3162,130,161
3163,22,20
3164,20,78
3165,25,68
3166,25,87
3167,24,25
3168,25,197
3169,197,25
3170,78,20
3171,25,274
3172,68,25
3173,20,22
3174,274,25
3175,25,186
3176,186,25
3177,87,25
3178,25,24
3179,48,197
3180,12,89
3181,12,106
3182,12,176
3183,12,97
3184,197,48
3185,197,249
3186,197,78
3187,89,12
3188,89,171
3189,22,51
3190,22,124
3191,268,78
3192,269,78
3193,269,24
3194,216,268
3195,249,197
3196,78,197
3197,78,89
3198,78,214
3199,78,268
3200,78,269
3201,78,109
3202,78,248
3203,78,179
3204,78,106
3205,78,235
3206,254,266
3207,254,248
3208,254,97
3209,53,254
3210,109,216
3211,109,78
3212,109,171
3213,248,254
3214,24,269
3215,24,235
3216,106,78
3217,176,12
3218,176,78
3219,68,197
3220,68,124
3221,97,124
3222,171,89
3223,171,51
3224,171,109
3225,171,176
3226,171,235
3227,48,179
3228,197,68
3229,266,254
3230,89,78
3231,292,97
3232,22,269
3233,22,179
3234,268,171
3235,51,22
3236,269,22
3237,124,22
3238,124,68
3239,216,66
3240,249,179
3241,254,53
3242,53,12
3243,248,78
3244,179,48
3245,179,22
3246,179,249
3247,97,254
3248,197,171
3249,268,68
3250,269,68
3251,216,99
3252,78,74
3253,106,12
3254,176,22
3255,176,216
3256,68,268
3257,97,188
3258,235,78
3259,235,24
3260,235,171
3261,99,78
3262,68,269
3263,268,216
3264,216,109
3265,78,176
3266,109,68
3267,297,78
3268,12,53
3269,22,176
3270,97,292
3271,176,171
3272,188,97
3273,89,216
3274,197,216
3275,51,171
3276,97,12
3277,171,197
3278,124,97
3279,78,99
3280,179,78
3281,53,276
3282,171,268
3283,276,53
3284,66,78
3285,214,78
3286,216,8
3287,8,216
3288,43,8
3289,8,43
3290,8,133
3291,38,8
3292,8,38
3293,133,240
3294,240,133
3295,297,240
3296,240,297
3297,38,240
3298,240,38
3299,275,8
3300,8,275
3301,167,240
3302,283,240
3303,208,296
3304,296,208
3305,131,214
3306,214,107
3307,107,214
3308,214,131
3309,39,214
3310,214,39
3311,156,214
3312,214,156
3313,244,214
3314,214,300
3315,113,214
3316,214,113
3317,214,284
3318,300,214
3319,214,37
3320,214,135
3321,138,214
3322,105,214
3323,214,244
3324,37,214
3325,135,214
3326,139,214
3327,214,139
3328,284,214
3329,214,138
3330,214,65
3331,65,214
3332,214,105
3333,26,214
3334,214,26
3335,5,214
3336,214,208
3337,214,273
3338,301,214
3339,214,301
3340,114,214
3341,214,114
3342,95,214
3343,214,95
3344,63,214
3345,152,214
3346,214,268
3347,51,214
3348,214,120
3349,120,214
3350,214,51
3351,117,214
3352,214,15
3353,15,214
3354,199,214
3355,214,209
3356,189,214
3357,214,189
3358,13,214
3359,214,13
3360,214,231
3361,214,5
3362,70,214
3363,214,70
3364,214,199
3365,96,214
3366,214,96
3367,282,214
3368,214,282
3369,209,214
3370,273,214
3371,214,215
3372,215,214
3373,208,214
3374,242,214
3375,85,214
3376,214,85
3377,270,214
3378,214,46
3379,214,270
3380,259,214
3381,214,186
3382,214,259
3383,186,214
3384,214,63
3385,214,118
3386,118,214
3387,231,214
3388,214,90
3389,214,152
3390,214,137
3391,90,214
3392,3,214
3393,137,214
3394,170,214
3395,221,214
3396,214,221
3397,214,242
3398,214,170
3399,268,214
3400,214,62
3401,62,214
3402,214,109
3403,109,214
3404,64,214
3405,214,29
3406,29,214
3407,214,182
3408,182,214
3409,88,214
3410,214,88
3411,214,117
3412,214,288
3413,4,214
3414,214,4
3415,31,214
3416,214,31
3417,255,214
3418,214,255
3419,214,3
3420,66,214
3421,46,214
3422,288,214
3423,214,64
3424,214,66
3425,81,214
3426,214,81
3427,62,53
3428,53,62
3429,268,213
3430,213,85
3431,85,213
3432,53,74
3433,213,65
3434,5,213
3435,213,5
3436,213,114
3437,114,213
3438,185,147
3439,213,288
3440,288,213
3441,213,210
3442,210,213
3443,147,213
3444,213,147
3445,213,270
3446,213,140
3447,140,213
3448,213,268
3449,213,207
3450,213,51
3451,51,213
3452,90,213
3453,213,90
3454,109,147
3455,147,109
3456,270,213
3457,53,124
3458,124,53
3459,53,221
3460,182,53
3461,53,182
3462,207,213
3463,231,213
3464,213,13
3465,74,53
3466,53,20
3467,95,53
3468,213,231
3469,127,213
3470,213,215
3471,221,53
3472,215,213
3473,213,127
3474,53,186
3475,186,53
3476,13,213
3477,147,185
3478,213,301
3479,301,213
3480,20,53
3481,65,213
3482,208,53
3483,53,208
3484,278,53
3485,53,278
3486,287,186
3487,186,287
3488,287,208
3489,208,287
3490,141,108
3491,108,141
3492,208,141
3493,141,208
3494,141,287
3495,287,141
3496,274,287
3497,287,274
3498,62,287
3499,287,62
3500,108,188
3501,120,188
3502,188,108
3503,188,120
3504,29,249
3505,249,29
3506,249,208
3507,117,249
3508,249,186
3509,186,249
3510,249,292
3511,249,117
3512,208,249
3513,268,249
3514,249,268
3515,292,249
3516,20,249
3517,249,20
3518,248,249
3519,48,248
3520,249,248
3521,248,12
3522,248,7
3523,248,68
3524,68,248
3525,210,248
3526,248,86
3527,40,248
3528,86,248
3529,248,40
3530,248,206
3531,12,248
3532,238,248
3533,248,158
3534,248,287
3535,206,248
3536,248,185
3537,133,248
3538,248,133
3539,20,248
3540,248,124
3541,20,216
3542,141,20
3543,216,20
3544,296,20
3545,20,296
3546,12,20
3547,248,297
3548,248,141
3549,248,234
3550,297,248
3551,248,292
3552,117,248
3553,248,275
3554,258,248
3555,124,248
3556,275,248
3557,248,87
3558,20,188
3559,114,20
3560,292,133
3561,133,292
3562,48,292
3563,248,38
3564,38,248
3565,248,229
3566,229,248
3567,292,141
3568,141,292
3569,292,268
3570,4,292
3571,292,117
3572,117,292
3573,22,292
3574,292,22
3575,292,62
3576,274,292
3577,292,2
3578,292,17
3579,20,114
3580,188,20
3581,292,297
3582,297,292
3583,185,248
3584,20,48
3585,20,292
3586,48,20
3587,292,20
3588,20,180
3589,292,274
3590,248,210
3591,180,20
3592,20,124
3593,292,230
3594,296,248
3595,248,274
3596,248,296
3597,230,292
3598,59,248
3599,234,248
3600,20,12
3601,292,185
3602,296,292
3603,292,296
3604,292,48
3605,229,292
3606,292,287
3607,292,229
3608,276,20
3609,20,276
3610,248,47
3611,141,248
3612,248,48
3613,292,54
3614,109,292
3615,43,248
3616,62,248
3617,4,248
3618,248,43
3619,214,248
3620,84,248
3621,248,214
3622,181,248
3623,292,248
3624,171,248
3625,248,171
3626,248,59
3627,248,20
3628,119,248
3629,152,248
3630,115,20
3631,20,115
3632,292,38
3633,276,292
3634,292,186
3635,292,95
3636,289,292
3637,292,109
3638,292,171
3639,171,292
3640,191,248
3641,87,248
3642,292,4
3643,185,292
3644,268,292
3645,248,258
3646,248,117
3647,248,53
3648,53,248
3649,277,248
3650,248,30
3651,248,84
3652,248,169
3653,169,248
3654,274,248
3655,2,248
3656,248,2
3657,248,305
3658,305,248
3659,129,20
3660,108,20
3661,2,292
3662,124,249
3663,249,124
3664,248,160
3665,248,181
3666,124,20
3667,20,214
3668,20,129
3669,214,292
3670,83,292
3671,292,214
3672,158,292
3673,143,292
3674,292,143
3675,292,289
3676,304,292
3677,292,304
3678,296,124
3679,124,296
3680,248,238
3681,248,62
3682,248,294
3683,294,248
3684,167,133
3685,8,248
3686,248,8
3687,292,176
3688,176,292
3689,30,248
3690,186,248
3691,248,186
3692,171,20
3693,20,171
3694,20,109
3695,248,198
3696,198,248
3697,158,248
3698,24,292
3699,292,24
3700,292,276
3701,301,20
3702,13,20
3703,87,20
3704,109,20
3705,20,301
3706,95,292
3707,133,20
3708,20,133
3709,53,292
3710,292,53
3711,248,4
3712,292,124
3713,124,292
3714,47,248
3715,129,248
3716,22,248
3717,248,22
3718,160,248
3719,248,191
3720,95,248
3721,248,95
3722,292,129
3723,292,83
3724,129,292
3725,248,129
3726,248,276
3727,292,68
3728,68,292
3729,248,233
3730,108,248
3731,248,108
3732,7,248
3733,17,292
3734,248,188
3735,140,248
3736,17,248
3737,20,108
3738,248,119
3739,287,248
3740,248,277
3741,248,60
3742,60,248
3743,292,182
3744,292,115
3745,170,20
3746,20,62
3747,292,158
3748,182,292
3749,188,248
3750,54,248
3751,248,32
3752,32,248
3753,248,289
3754,289,248
3755,20,13
3756,20,170
3757,276,248
3758,20,87
3759,47,20
3760,20,47
3761,62,292
3762,292,87
3763,87,292
3764,60,292
3765,292,60
3766,233,248
3767,146,292
3768,292,146
3769,248,19
3770,19,248
3771,20,141
3772,211,248
3773,248,211
3774,287,292
3775,248,140
3776,248,17
3777,248,152
3778,54,292
3779,114,248
3780,186,292
3781,29,292
3782,20,211
3783,62,20
3784,248,114
3785,292,29
3786,248,29
3787,29,248
3788,248,236
3789,236,248
3790,4,78
3791,78,4
3792,20,60
3793,60,20
3794,239,98
3795,221,87
3796,98,239
3797,3,239
3798,248,293
3799,103,248
3800,248,182
3801,182,248
3802,248,83
3803,172,248
3804,248,170
3805,248,178
3806,178,248
3807,15,292
3808,208,20
3809,20,90
3810,20,5
3811,248,103
3812,292,7
3813,46,292
3814,248,10
3815,248,64
3816,64,248
3817,248,15
3818,292,250
3819,248,89
3820,248,142
3821,142,248
3822,292,221
3823,221,292
3824,292,106
3825,16,292
3826,64,292
3827,292,235
3828,292,46
3829,235,292
3830,231,292
3831,292,231
3832,89,292
3833,292,98
3834,98,292
3835,90,292
3836,45,292
3837,292,45
3838,292,90
3839,292,3
3840,269,292
3841,292,269
3842,292,74
3843,250,292
3844,152,292
3845,292,152
3846,106,292
3847,74,292
3848,292,161
3849,161,292
3850,292,89
3851,292,226
3852,226,292
3853,292,203
3854,142,292
3855,292,142
3856,292,271
3857,292,16
3858,292,154
3859,154,292
3860,292,210
3861,292,246
3862,210,292
3863,271,292
3864,292,170
3865,208,292
3866,292,208
3867,292,66
3868,66,292
3869,292,199
3870,199,292
3871,292,72
3872,292,290
3873,170,292
3874,4,141
3875,141,4
3876,3,292
3877,292,242
3878,259,292
3879,292,259
3880,164,292
3881,292,164
3882,292,255
3883,255,292
3884,292,15
3885,246,292
3886,88,292
3887,292,88
3888,197,292
3889,292,197
3890,242,292
3891,115,292
3892,292,200
3893,200,292
3894,55,248
3895,248,55
3896,170,248
3897,52,248
3898,248,66
3899,252,248
3900,248,252
3901,248,54
3902,176,248
3903,248,176
3904,120,248
3905,248,120
3906,10,248
3907,248,279
3908,279,248
3909,4,249
3910,249,4
3911,124,287
3912,287,124
3913,248,221
3914,274,124
3915,124,274
3916,89,248
3917,248,52
3918,124,48
3919,48,124
3920,124,141
3921,141,124
3922,124,258
3923,221,248
3924,248,250
3925,83,248
3926,248,208
3927,208,248
3928,15,248
3929,66,248
3930,248,226
3931,226,248
3932,250,248
3933,282,248
3934,248,282
3935,248,268
3936,268,248
3937,248,172
3938,248,74
3939,293,248
3940,74,248
3941,88,248
3942,248,88
3943,20,15
3944,65,20
3945,231,20
3946,20,231
3947,20,120
3948,95,20
3949,20,95
3950,49,20
3951,20,88
3952,215,20
3953,120,20
3954,20,288
3955,20,66
3956,287,20
3957,20,287
3958,66,20
3959,20,208
3960,20,215
3961,117,20
3962,20,51
3963,51,20
3964,270,20
3965,20,65
3966,15,20
3967,29,20
3968,63,20
3969,90,20
3970,5,20
3971,20,63
3972,211,20
3973,20,49
3974,186,20
3975,259,20
3976,20,259
3977,255,20
3978,88,20
3979,3,20
3980,20,3
3981,20,11
3982,20,186
3983,11,20
3984,278,20
3985,20,278
3986,20,29
3987,221,20
3988,20,117
3989,292,223
3990,288,292
3991,292,288
3992,114,292
3993,292,114
3994,72,292
3995,120,292
3996,292,120
3997,7,292
3998,292,65
3999,65,292
4000,223,292
4001,203,292
4002,290,292
4003,47,292
4004,292,47
4005,137,292
4006,292,64
4007,292,137
4008,282,20
4009,20,36
4010,20,282
4011,36,20
4012,288,20
4013,68,20
4014,20,4
4015,214,20
4016,20,270
4017,4,20
4018,20,258
4019,258,20
4020,199,20
4021,20,199
4022,20,255
4023,20,221
4024,214,8
4025,240,214
4026,214,240
4027,8,214
4028,296,53
4029,48,297
4030,297,48
4031,296,60
4032,60,296
4033,53,296
4034,229,53
4035,213,53
4036,53,213
4037,214,287
4038,214,171
4039,129,214
4040,214,12
4041,68,214
4042,214,68
4043,198,214
4044,214,188
4045,214,141
4046,305,214
4047,214,115
4048,214,108
4049,214,274
4050,74,214
4051,47,214
4052,141,214
4053,214,23
4054,222,213
4055,188,214
4056,243,214
4057,214,276
4058,214,299
4059,274,214
4060,214,206
4061,214,129
4062,124,214
4063,18,214
4064,214,305
4065,60,171
4066,214,222
4067,234,214
4068,214,162
4069,87,214
4070,214,198
4071,287,214
4072,214,234
4073,297,214
4074,188,297
4075,53,214
4076,188,287
4077,53,78
4078,222,214
4079,53,108
4080,214,211
4081,211,214
4082,213,222
4083,214,48
4084,53,229
4085,214,22
4086,141,53
4087,214,47
4088,299,214
4089,53,180
4090,53,48
4091,214,38
4092,188,213
4093,214,297
4094,23,214
4095,22,214
4096,133,214
4097,60,78
4098,214,124
4099,214,53
4100,214,87
4101,236,214
4102,214,243
4103,24,214
4104,151,53
4105,275,211
4106,214,180
4107,214,160
4108,171,60
4109,141,188
4110,214,275
4111,48,53
4112,38,214
4113,53,141
4114,180,53
4115,214,133
4116,213,236
4117,214,18
4118,53,188
4119,60,18
4120,60,53
4121,53,249
4122,249,53
4123,22,60
4124,214,60
4125,162,214
4126,94,214
4127,43,214
4128,12,214
4129,60,214
4130,53,60
4131,214,74
4132,234,262
4133,214,89
4134,171,214
4135,108,214
4136,262,53
4137,287,53
4138,275,214
4139,53,146
4140,53,18
4141,214,249
4142,214,236
4143,249,214
4144,198,213
4145,53,171
4146,180,214
4147,68,213
4148,53,262
4149,53,196
4150,60,12
4151,188,48
4152,236,213
4153,53,287
4154,276,214
4155,188,249
4156,262,48
4157,78,60
4158,78,53
4159,48,262
4160,188,141
4161,129,188
4162,188,129
4163,108,53
4164,44,214
4165,53,151
4166,160,214
4167,171,53
4168,211,275
4169,48,214
4170,206,214
4171,188,229
4172,287,211
4173,214,94
4174,297,188
4175,238,214
4176,108,249
4177,213,305
4178,206,188
4179,214,43
4180,249,108
4181,18,60
4182,53,274
4183,211,287
4184,89,214
4185,229,188
4186,196,53
4187,146,53
4188,214,44
4189,214,238
4190,60,274
4191,213,198
4192,188,68
4193,274,60
4194,133,188
4195,115,214
4196,211,206
4197,287,188
4198,213,94
4199,213,68
4200,214,24
4201,305,213
4202,48,188
4203,188,211
4204,188,133
4205,206,211
4206,18,53
4207,211,188
4208,94,213
4209,249,188
4210,188,53
4211,53,216
4212,12,60
4213,60,22
4214,60,262
4215,274,53
4216,214,19
4217,19,214
4218,233,214
4219,214,233
4220,68,188
4221,19,213
4222,214,58
4223,175,214
4224,213,19
4225,19,296
4226,296,19
4227,214,175
4228,58,214
4229,53,19
4230,249,19
4231,19,249
4232,19,18
4233,18,19
4234,19,53
4235,213,81
4236,81,213
4237,240,283
4238,44,8
4239,8,44
4240,43,240
4241,240,43
4242,44,240
4243,240,44
4244,44,167
4245,167,44
4246,94,206
4247,206,8
4248,8,206
4249,206,94
4250,206,240
4251,240,206
4252,167,283
4253,167,297
4254,283,297
4255,283,167
4256,206,167
4257,206,283
4258,167,206
4259,283,206
4260,297,167
4261,206,297
4262,297,133
4263,133,297
4264,133,236
4265,285,272
4266,272,177
4267,133,299
4268,133,30
4269,285,30
4270,236,133
4271,38,297
4272,177,285
4273,133,243
4274,299,133
4275,133,165
4276,243,133
4277,213,30
4278,133,285
4279,283,133
4280,165,133
4281,38,30
4282,48,38
4283,225,285
4284,48,133
4285,18,133
4286,30,168
4287,285,225
4288,168,224
4289,285,133
4290,225,183
4291,224,285
4292,133,141
4293,296,141
4294,78,133
4295,133,206
4296,206,133
4297,141,133
4298,297,38
4299,78,38
4300,133,272
4301,133,18
4302,133,48
4303,285,224
4304,30,133
4305,299,38
4306,8,30
4307,133,53
4308,38,299
4309,150,30
4310,38,206
4311,133,78
4312,198,133
4313,30,79
4314,253,30
4315,285,177
4316,30,285
4317,133,79
4318,116,253
4319,30,213
4320,236,38
4321,133,198
4322,206,38
4323,38,48
4324,53,133
4325,38,236
4326,30,38
4327,298,30
4328,79,30
4329,150,79
4330,205,150
4331,79,205
4332,79,150
4333,272,183
4334,272,133
4335,30,116
4336,177,272
4337,38,78
4338,168,30
4339,133,283
4340,257,30
4341,30,298
4342,224,168
4343,272,285
4344,30,257
4345,183,225
4346,243,38
4347,79,133
4348,30,8
4349,38,243
4350,183,272
4351,205,30
4352,116,30
4353,253,116
4354,30,253
4355,30,205
4356,56,30
4357,141,296
4358,30,56
4359,211,48
4360,48,211
4361,48,165
4362,48,44
4363,48,74
4364,289,48
4365,289,22
4366,289,234
4367,18,22
4368,18,78
4369,18,24
4370,22,289
4371,22,18
4372,22,165
4373,22,44
4374,22,33
4375,22,74
4376,22,235
4377,22,304
4378,70,234
4379,238,234
4380,238,165
4381,87,234
4382,234,289
4383,234,243
4384,234,25
4385,234,70
4386,234,238
4387,234,87
4388,234,165
4389,234,180
4390,234,44
4391,234,24
4392,234,38
4393,234,68
4394,234,275
4395,234,43
4396,234,97
4397,234,198
4398,216,165
4399,165,238
4400,165,234
4401,165,216
4402,165,44
4403,165,213
4404,165,43
4405,78,232
4406,78,18
4407,78,33
4408,78,304
4409,180,234
4410,44,48
4411,44,22
4412,44,165
4413,213,165
4414,24,18
4415,24,234
4416,33,78
4417,74,48
4418,74,22
4419,68,18
4420,68,234
4421,43,165
4422,97,234
4423,235,22
4424,171,18
4425,48,289
4426,232,234
4427,232,78
4428,234,232
4429,234,299
4430,165,22
4431,44,234
4432,43,234
4433,304,78
4434,198,234
4435,48,275
4436,243,234
4437,234,33
4438,165,48
4439,299,234
4440,33,22
4441,18,171
4442,33,234
4443,275,48
4444,234,269
4445,289,68
4446,68,289
4447,78,164
4448,287,22
4449,304,22
4450,164,78
4451,22,287
4452,275,234
4453,18,68
4454,18,278
4455,296,146
4456,18,38
4457,12,146
4458,275,146
4459,206,18
4460,18,146
4461,211,18
4462,129,146
4463,146,18
4464,18,275
4465,146,296
4466,211,146
4467,297,146
4468,146,216
4469,146,249
4470,216,146
4471,297,18
4472,146,94
4473,146,278
4474,146,60
4475,278,146
4476,48,146
4477,146,22
4478,171,146
4479,146,12
4480,234,146
4481,97,18
4482,146,258
4483,18,305
4484,146,171
4485,146,44
4486,94,146
4487,278,297
4488,146,299
4489,146,48
4490,206,146
4491,18,198
4492,146,133
4493,258,146
4494,146,43
4495,146,297
4496,18,206
4497,18,97
4498,198,18
4499,81,18
4500,146,129
4501,129,18
4502,299,146
4503,146,38
4504,146,8
4505,133,146
4506,43,146
4507,18,232
4508,30,146
4509,249,146
4510,18,297
4511,22,146
4512,60,146
4513,171,278
4514,18,129
4515,278,18
4516,296,278
4517,24,278
4518,229,278
4519,33,18
4520,146,234
4521,68,146
4522,18,8
4523,146,206
4524,278,296
4525,19,146
4526,18,211
4527,262,18
4528,146,275
4529,44,146
4530,278,68
4531,18,262
4532,38,146
4533,275,18
4534,146,19
4535,146,233
4536,232,18
4537,68,278
4538,236,146
4539,22,278
4540,278,133
4541,8,146
4542,297,278
4543,278,22
4544,60,278
4545,233,146
4546,146,30
4547,278,229
4548,133,278
4549,18,184
4550,305,18
4551,18,33
4552,278,24
4553,274,146
4554,180,62
4555,278,171
4556,38,18
4557,146,274
4558,8,18
4559,18,81
4560,275,229
4561,278,62
4562,296,87
4563,87,296
4564,296,287
4565,62,296
4566,296,62
4567,239,206
4568,130,119
4569,119,130
4570,287,296
4571,196,130
4572,123,249
4573,233,249
4574,19,239
4575,239,19
4576,170,305
4577,91,146
4578,62,278
4579,216,125
4580,238,170
4581,286,25
4582,48,180
4583,78,87
4584,161,164
4585,239,301
4586,68,53
4587,289,239
4588,249,184
4589,239,289
4590,180,48
4591,45,249
4592,78,221
4593,208,120
4594,80,25
4595,229,41
4596,109,84
4597,164,124
4598,160,2
4599,290,117
4600,84,188
4601,208,227
4602,282,120
4603,120,40
4604,84,276
4605,6,305
4606,258,72
4607,47,185
4608,83,250
4609,185,25
4610,185,186
4611,72,29
4612,278,47
4613,185,109
4614,72,109
4615,231,198
4616,186,104
4617,52,280
4618,29,296
4619,67,80
4620,202,227
4621,130,202
4622,296,50
4623,296,29
4624,50,118
4625,50,73
4626,117,227
4627,30,25
4628,25,30
4629,238,198
4630,198,238
4631,45,266
4632,266,184
4633,184,266
4634,97,141
4635,249,233
4636,48,97
4637,97,48
4638,239,175
4639,249,97
4640,97,249
4641,13,25
4642,99,216
4643,216,176
4644,216,197
4645,66,216
4646,179,171
4647,171,179
4648,12,184
4649,184,12
4650,68,109
4651,216,89
4652,78,66
4653,197,22
4654,78,297
4655,302,240
4656,240,302
4657,292,180
4658,180,292
4659,292,262
4660,248,259
4661,259,248
4662,248,72
4663,72,248
4664,248,203
4665,203,248
4666,29,141
4667,141,29
4668,117,141
4669,141,117
4670,188,206
4671,297,283
4672,233,18
4673,278,60
4674,18,233
4675,22,143
4676,78,47
4677,78,88
4678,144,92
4679,92,144
4680,47,78
4681,258,211
4682,258,129
4683,258,188
4684,129,258
4685,188,258
4686,211,258
4687,143,22
4688,278,221
4689,146,199
4690,47,160
4691,278,255
4692,278,87
4693,255,278
4694,184,278
4695,199,146
4696,47,278
4697,221,278
4698,146,97
4699,87,278
4700,278,184
4701,295,25
4702,25,61
4703,25,295
4704,61,25
4705,141,62
4706,112,249
4707,45,258
4708,98,249
4709,15,78
4710,78,15
4711,234,83
4712,239,11
4713,24,62
4714,62,141
4715,184,87
4716,124,95
4717,221,78
4718,62,24
4719,64,98
4720,109,4
4721,109,72
4722,213,191
4723,109,188
4724,188,109
4725,109,89
4726,89,109
4727,4,109
4728,108,109
4729,109,268
4730,268,109
4731,109,108
4732,95,185
4733,109,98
4734,202,130
4735,41,202
4736,88,202
4737,29,41
4738,41,296
4739,123,120
4740,274,185
4741,62,185
4742,62,4
4743,160,278
4744,211,29
4745,182,277
4746,45,115
4747,120,108
4748,226,212
4749,17,117
4750,226,242
4751,269,242
4752,276,109
4753,123,189
4754,62,282
4755,282,123
4756,123,264
4757,180,170
4758,249,262
4759,262,249
4760,38,258
4761,141,97
4762,175,239
4763,130,107
4764,107,130
4765,124,180
4766,276,68
4767,68,276
4768,74,78
4769,22,197
4770,53,49
4771,49,53
4772,292,119
4773,158,274
4774,146,70
4775,196,36
4776,130,196
4777,255,248
4778,248,255
4779,248,200
4780,200,248
4781,74,20
4782,20,74
4783,20,68
4784,249,123
4785,170,78
4786,146,96
4787,96,146
4788,278,259
4789,115,278
4790,278,64
4791,278,115
4792,64,278
4793,259,278
4794,97,146
4795,187,266
4796,266,187
4797,187,249
4798,249,187
4799,239,100
4800,100,239
4801,98,234
4802,239,288
4803,288,239
4804,239,250
4805,250,239
4806,54,239
4807,74,141
4808,109,186
4809,186,109
4810,109,14
4811,14,4
4812,14,109
4813,109,124
4814,124,109
4815,109,29
4816,109,203
4817,109,185
4818,29,109
4819,203,109
4820,213,181
4821,181,213
4822,186,123
4823,191,172
4824,59,181
4825,159,296
4826,48,254
4827,254,48
4828,214,41
4829,41,214
4830,176,214
4831,214,176
4832,304,214
4833,214,304
4834,229,20
4835,248,230
4836,20,229
4837,230,248
4838,196,87
4839,292,212
4840,20,137
4841,137,20
4842,211,133
4843,133,211
4844,296,30
4845,194,30
4846,195,194
4847,30,195
4848,146,187
4849,211,44
4850,216,87
4851,182,108
4852,108,182
4853,22,211
4854,211,22
4855,87,216
4856,44,211
4857,23,76
4858,165,299
4859,276,47
4860,266,49
4861,49,266
4862,266,211
4863,266,129
4864,129,266
4865,211,266
4866,249,200
4867,200,249
4868,239,114
4869,16,239
4870,234,249
4871,200,48
4872,239,16
4873,221,182
4874,48,200
4875,115,231
4876,290,12
4877,102,141
4878,123,186
4879,14,268
4880,54,84
4881,40,242
4882,47,115
4883,268,14
4884,276,282
4885,30,229
4886,229,30
4887,239,30
4888,30,239
4889,30,130
4890,130,30
4891,102,239
4892,239,208
4893,239,54
4894,208,239
4895,239,102
4896,114,239
4897,49,171
4898,11,78
4899,78,11
4900,78,215
4901,215,78
4902,231,78
4903,78,231
4904,78,49
4905,130,42
4906,42,130
4907,49,78
4908,171,49
4909,241,78
4910,78,241
4911,249,109
4912,109,229
4913,133,12
4914,296,109
4915,109,249
4916,229,109
4917,12,133
4918,109,141
4919,133,109
4920,109,296
4921,141,109
4922,164,12
4923,124,229
4924,109,48
4925,109,297
4926,109,133
4927,297,109
4928,229,124
4929,12,164
4930,48,109
4931,20,297
4932,297,20
4933,38,292
4934,292,30
4935,30,292
4936,248,79
4937,79,248
4938,292,282
4939,282,292
4940,212,292
4941,129,124
4942,124,129
4943,211,124
4944,124,211
4945,248,46
4946,46,248
4947,182,20
4948,20,182
4949,214,30
4950,30,214
4951,177,133
4952,30,296
4953,165,211
4954,211,165
4955,238,243
4956,165,275
4957,275,165
4958,243,238
4959,173,234
4960,160,305
4961,170,88
4962,282,276
4963,255,87
4964,273,88
4965,88,47
4966,282,170
4967,18,173
4968,173,18
4969,29,278
4970,278,29
4971,305,278
4972,278,305
4973,17,25
4974,64,141
4975,234,161
4976,78,137
4977,137,78
4978,161,234
4979,124,234
4980,235,48
4981,184,78
4982,68,24
4983,239,200
4984,12,249
4985,269,18
4986,97,171
4987,235,274
4988,239,17
4989,17,239
4990,171,78
4991,246,95
4992,143,48
4993,106,48
4994,109,276
4995,123,153
4996,153,123
4997,25,279
4998,279,25
4999,213,52
5000,55,213
5001,32,213
5002,191,213
5003,276,226
5004,152,109
5005,213,55
5006,52,213
5007,25,73
5008,108,40
5009,226,45
5010,170,99
5011,185,172
5012,296,88
5013,73,25
5014,123,265
5015,25,17
5016,29,226
5017,74,182
5018,265,123
5019,88,296
5020,55,229
5021,229,55
5022,213,32
5023,172,213
5024,213,172
5025,32,229
5026,266,43
5027,266,38
5028,266,198
5029,258,43
5030,43,258
5031,43,266
5032,38,266
5033,198,266
5034,130,277
5035,79,123
5036,55,130
5037,123,79
5038,22,215
5039,215,22
5040,22,49
5041,49,22
5042,215,171
5043,171,215
5044,239,117
5045,78,142
5046,142,78
5047,302,167
5048,214,289
5049,289,214
5050,53,87
5051,87,53
5052,249,17
5053,17,249
5054,133,124
5055,124,133
5056,248,175
5057,175,248
5058,180,248
5059,119,292
5060,231,115
5061,161,248
5062,248,161
5063,75,248
5064,270,292
5065,292,270
5066,248,201
5067,201,248
5068,164,248
5069,248,164
5070,248,75
5071,20,160
5072,160,20
5073,274,20
5074,20,274
5075,133,177
5076,195,30
5077,163,285
5078,285,163
5079,30,194
5080,234,173
5081,176,48
5082,25,176
5083,130,55
5084,155,160
5085,221,287
5086,48,173
5087,239,127
5088,78,171
5089,74,287
5090,182,274
5091,64,12
5092,11,239
5093,182,24
5094,295,123
5095,229,111
5096,229,260
5097,260,229
5098,123,295
5099,282,180
5100,111,229
5101,61,123
5102,275,80
5103,123,61
5104,9,50
5105,118,9
5106,23,118
5107,117,239
5108,213,144
5109,144,213
5110,249,152
5111,152,249
5112,137,278
5113,278,137
5114,266,245
5115,245,266
5116,200,239
5117,269,234
5118,74,87
5119,78,24
5120,29,182
5121,248,106
5122,292,261
5123,261,292
5124,258,282
5125,38,117
5126,164,238
5127,238,164
5128,238,89
5129,266,192
5130,192,266
5131,89,238
5132,83,48
5133,127,239
5134,115,234
5135,290,239
5136,29,203
5137,106,248
5138,18,258
5139,258,18
5140,238,15
5141,15,238
5142,266,231
5143,231,266
5144,239,69
5145,69,239
5146,54,208
5147,260,38
5148,38,260
5149,111,38
5150,38,111
5151,165,38
5152,38,165
5153,165,229
5154,229,165
5155,22,276
5156,276,22
5157,22,83
5158,83,22
5159,289,238
5160,238,289
5161,263,266
5162,266,263
5163,111,50
5164,114,25
5165,25,114
5166,172,119
5167,61,295
5168,295,61
5169,22,109
5170,109,22
5171,64,78
5172,214,99
5173,99,214
5174,20,245
5175,245,20
5176,228,248
5177,87,228
5178,133,167
5179,240,30
5180,171,269
5181,269,171
5182,170,238
5183,41,233
5184,58,123
5185,123,58
5186,124,208
5187,137,160
5188,50,260
5189,149,277
5190,119,296
5191,58,130
5192,130,58
5193,78,64
5194,282,188
5195,85,104
5196,248,228
5197,228,87
5198,213,58
5199,19,234
5200,234,19
5201,30,240
5202,238,24
5203,238,68
5204,24,238
5205,68,238
